Year,Lexical Richness
1830,0.10458284531939953
1840,0.07157025964365414
1850,0.10308162405795024
1860,0.11146116588631211
1870,0.10812402421967267
1880,0.09818490127122101
1890,0.07884028751595008
1900,0.14941718052211594
1910,0.14236647612039066
