Year,Lexical Richness
1830,0.059118925858412476
1840,0.07240885720241083
1850,0.09816861111731046
1860,0.08059778320974602
1870,0.09993590770850722
1880,0.09890655862527764
1890,0.09094117778860833
1900,0.10367671449828955
1910,0.08700365051555094
